channel_flux_adjusted,blanket_flux_adjusted,energy_filter_values
0.0,0.0,1e-05
0.0,0.0,1.0471e-05
0.0,0.0,1.0965e-05
0.0,0.0,1.1482e-05
0.0,0.0,1.2023e-05
0.0,0.0,1.2589e-05
0.0,0.0,1.3183e-05
0.0,0.0,1.3804e-05
0.0,0.0,1.4454e-05
0.0,0.0,1.5136e-05
0.0,0.0,1.5849e-05
0.0,0.0,1.6596e-05
0.0,0.0,1.7378e-05
0.0,0.0,1.8197e-05
0.0,0.0,1.9055e-05
0.0,0.0,1.9953e-05
0.0,0.0,2.0893e-05
0.0,0.0,2.1878e-05
0.0,0.0,2.2909e-05
0.0,0.0,2.3988e-05
0.0,0.0,2.5119e-05
0.0,0.0,2.6303e-05
0.0,0.0,2.7542e-05
0.0,0.0,2.884e-05
0.0,0.0,3.02e-05
0.0,0.0,3.1623e-05
0.0,0.0,3.3113e-05
0.0,0.0,3.4674e-05
0.0,0.0,3.6308e-05
0.0,0.0,3.8019e-05
0.0,0.0,3.9811e-05
0.0,0.0,4.1687e-05
0.0,0.0,4.3652e-05
0.0,0.0,4.5709e-05
0.0,0.0,4.7863e-05
0.0,0.0,5.0119e-05
0.0,0.0,5.2481e-05
0.0,0.0,5.4954e-05
0.0,0.0,5.7544e-05
0.0,0.0,6.0256e-05
0.0,0.0,6.3096e-05
0.0,0.0,6.6069e-05
0.0,0.0,6.9183e-05
0.0,0.0,7.2444e-05
0.0,0.0,7.5858e-05
0.0,0.0,7.9433e-05
0.0,0.0,8.3176e-05
0.0,0.0,8.7096e-05
0.0,0.0,9.1201e-05
0.0,0.0,9.5499e-05
0.0,0.0,0.0001
0.0,0.0,0.00010471
0.0,0.0,0.00010965
0.0,0.0,0.00011482
0.0,0.0,0.00012023
0.0,0.0,0.00012589
0.0,0.0,0.00013183
0.0,0.0,0.00013804
0.0,0.0,0.00014454
0.0,0.0,0.00015136
0.0,0.0,0.00015849
0.0,0.0,0.00016596
0.0,0.0,0.00017378
0.0,0.0,0.00018197
0.0,0.0,0.00019055
0.0,0.0,0.00019953
0.0,0.0,0.00020893
0.0,0.0,0.00021878
0.0,0.0,0.00022909
0.0,0.0,0.00023988
0.0,0.0,0.00025119
0.0,0.0,0.00026303
0.0,0.0,0.00027542
0.0,0.0,0.0002884
0.0,0.0,0.000302
0.0,0.0,0.00031623
0.0,0.0,0.00033113
0.0,0.0,0.00034674
0.0,0.0,0.00036308
0.0,0.0,0.00038019
0.0,0.0,0.00039811
0.0,0.0,0.00041687
0.0,0.0,0.00043652
0.0,0.0,0.00045709
0.0,0.0,0.00047863
0.0,0.0,0.00050119
0.0,0.0,0.00052481
0.0,0.0,0.00054954
0.0,0.0,0.00057544
0.0,0.0,0.00060256
0.0,0.0,0.00063096
0.0,0.0,0.00066069
0.0,0.0,0.00069183
0.0,0.0,0.00072444
0.0,0.0,0.00075858
0.0,0.0,0.00079433
0.0,0.0,0.00083176
0.0,0.0,0.00087096
0.0,0.0,0.00091201
0.0,0.0,0.00095499
0.0,0.0,0.001
0.0,0.0,0.0010471
0.0,0.0,0.0010965
0.0,0.0,0.0011482
0.0,0.0,0.0012023
0.0,0.0,0.0012589
0.0,0.0,0.0013183
0.0,0.0,0.0013804
0.0,0.0,0.0014454
0.0,0.0,0.0015136
0.0,0.0,0.0015849
0.0,0.0,0.0016596
0.0,0.0,0.0017378
0.0,0.0,0.0018197
0.0,0.0,0.0019055
0.0,0.0,0.0019953
0.0,0.0,0.0020893
0.0,0.0,0.0021878
0.0,0.0,0.0022909
0.0,0.0,0.0023988
0.0,0.0,0.0025119
0.0,0.0,0.0026303
0.0,0.0,0.0027542
0.0,0.0,0.002884
0.0,0.0,0.00302
0.0,0.0,0.0031623
0.0,0.0,0.0033113
0.0,0.0,0.0034674
0.0,0.0,0.0036308
0.0,0.0,0.0038019
0.0,0.0,0.0039811
0.0,0.0,0.0041687
0.0,0.0,0.0043652
0.0,0.0,0.0045709
0.0,0.0,0.0047863
0.0,0.0,0.0050119
0.0,0.0,0.0052481
0.0,0.0,0.0054954
0.0,0.0,0.0057544
0.0,0.0,0.0060256
0.0,0.0,0.0063096
0.0,0.0,0.0066069
0.0,0.0,0.0069183
0.0,0.0,0.0072444
0.0,0.0,0.0075858
0.0,0.0,0.0079433
0.0,0.0,0.0083176
0.0,0.0,0.0087096
0.0,0.0,0.0091201
0.0,0.0,0.0095499
0.0,0.0,0.01
0.0,0.0,0.010471
0.0,0.0,0.010965
0.0,0.0,0.011482
0.0,0.0,0.012023
0.0,0.0,0.012589
0.0,0.0,0.013183
0.0,0.0,0.013804
0.0,0.0,0.014454
0.0,0.0,0.015136
0.0,0.0,0.015849
0.0,0.0,0.016596
0.0,0.0,0.017378
0.0,0.0,0.018197
0.0,0.0,0.019055
0.0,0.0,0.019953
0.0,0.0,0.020893
0.0,0.0,0.021878
0.0,0.0,0.022909
0.0,0.0,0.023988
0.0,0.0,0.025119
0.0,0.0,0.026303
0.0,0.0,0.027542
0.0,0.0,0.02884
0.0,0.0,0.0302
0.0,0.0,0.031623
0.0,0.0,0.033113
0.0,0.0,0.034674
0.0,0.0,0.036308
0.0,0.0,0.038019
0.0,0.0,0.039811
0.0,0.0,0.041687
0.0,0.0,0.043652
0.0,0.0,0.045709
0.0,0.0,0.047863
0.0,0.0,0.050119
0.0,0.0,0.052481
0.0,0.0,0.054954
0.0,0.0,0.057544
0.0,0.0,0.060256
0.0,0.0,0.063096
0.0,0.0,0.066069
0.0,0.0,0.069183
0.0,0.0,0.072444
0.0,0.0,0.075858
0.0,0.0,0.079433
0.0,0.0,0.083176
0.0,0.0,0.087096
0.0,0.0,0.091201
0.0,0.0,0.095499
0.0,0.0,0.1
0.0,0.0,0.10471
0.0,0.0,0.10965
0.0,0.0,0.11482
0.0,0.0,0.12023
0.0,0.0,0.12589
0.0,0.0,0.13183
0.0,0.0,0.13804
0.0,0.0,0.14454
0.0,0.0,0.15136
0.0,0.0,0.15849
0.0,0.0,0.16596
0.0,0.0,0.17378
0.0,0.0,0.18197
0.0,0.0,0.19055
0.0,0.0,0.19953
0.0,0.0,0.20893
0.0,0.0,0.21878
0.0,0.0,0.22909
0.0,0.0,0.23988
0.0,0.0,0.25119
0.0,0.0,0.26303
0.0,0.0,0.27542
0.0,0.0,0.2884
0.0,0.0,0.302
0.0,0.0,0.31623
0.0,0.0,0.33113
0.0,0.0,0.34674
0.0,0.0,0.36308
0.0,0.0,0.38019
0.0,0.0,0.39811
0.0,0.0,0.41687
0.0,0.0,0.43652
0.0,0.0,0.45709
0.0,0.0,0.47863
0.0,0.0,0.50119
0.0,0.0,0.52481
0.0,0.0,0.54954
0.0,0.0,0.57544
0.0,0.0,0.60256
0.0,0.0,0.63096
0.0,0.0,0.66069
0.0,0.0,0.69183
0.0,0.0,0.72444
0.0,0.0,0.75858
0.0,0.0,0.79433
0.0,0.0,0.83176
0.0,0.0,0.87096
0.0,0.0,0.91201
0.0,0.0,0.95499
0.0,0.0,1.0
0.0,0.0,1.0471
0.0,0.0,1.0965
0.0,0.0,1.1482
0.0,0.0,1.2023
0.0,0.0,1.2589
0.0,0.0,1.3183
0.0,0.0,1.3804
0.0,0.0,1.4454
0.0,0.0,1.5136
0.0,0.0,1.5849
0.0,0.0,1.6596
0.0,0.0,1.7378
0.0,0.0,1.8197
0.0,0.0,1.9055
0.0,0.0,1.9953
0.0,0.0,2.0893
0.0,0.0,2.1878
0.0,2.009132943754421e-14,2.2909
0.0,0.0,2.3988
0.0,0.0,2.5119
0.0,0.0,2.6303
0.0,0.0,2.7542
0.0,0.0,2.884
0.0,0.0,3.02
0.0,9.167070853838959e-15,3.1623
0.0,0.0,3.3113
0.0,9.967637799237028e-15,3.4674
0.0,1.0850319678468359e-14,3.6308
0.0,0.0,3.8019
0.0,0.0,3.9811
0.0,3.14121078445702e-14,4.1687
0.0,2.7032010886682884e-15,4.3652
0.0,0.0,4.5709
0.0,3.916667468467525e-14,4.7863
0.0,1.5132540236110096e-14,5.0119
0.0,1.9340562633734998e-15,5.2481
0.0,1.1954943289613881e-14,5.4954
0.0,1.3201806731695169e-14,5.7544
1.2057527601597374e-12,4.712684117081564e-14,6.0256
8.538293082284397e-14,1.0465626232365149e-14,6.3096
0.0,1.3658701635136436e-14,6.6069
0.0,1.0681513866272521e-13,6.9183
5.085539320024586e-14,3.053145530884628e-14,7.2444
0.0,2.611761605696025e-15,7.5858
2.473857576506452e-12,0.0,7.9433
6.86949064411658e-13,5.823753316920559e-14,8.3176
2.3398875266451736e-12,4.510200777884101e-14,8.7096
0.0,3.732001342588705e-14,9.1201
1.641401611313926e-12,8.713073119624154e-14,9.5499
3.3089461261322696e-13,5.829149055054853e-14,10.0
3.920437702015349e-13,8.910681562683742e-14,10.471
0.0,1.206588510489507e-13,10.965
1.914828969392785e-13,8.347571390164224e-14,11.482
1.9143474779231937e-12,1.729865370238334e-13,12.023
1.7035772980479777e-12,1.545168285366166e-13,12.589
2.590266476648634e-12,1.0066927753451021e-13,13.183
3.472308404785591e-13,1.182066851856289e-13,13.804
5.595195148130686e-13,1.4715529073444127e-13,14.454
4.4984831878362596e-13,1.9601556126453527e-13,15.136
2.2177884374623163e-12,9.890215352273168e-14,15.849
9.741216805467025e-13,2.871825535636243e-13,16.596
1.0202096203839246e-12,1.632389682339509e-13,17.378
5.869567700255207e-13,1.9308518706073954e-13,18.197
4.986054899055021e-13,1.6287346262011254e-13,19.055
1.8846746237444296e-12,3.104694187450812e-13,19.953
4.551458547158727e-12,2.9837184319097825e-13,20.893
6.604578224976288e-13,2.517820833121077e-13,21.878
1.7951290334627825e-12,3.2246341546176484e-13,22.909
0.0,3.2163941144566516e-13,23.988
3.364927097351929e-12,5.485850003594208e-13,25.119
3.065875472897088e-12,3.106381569231353e-13,26.303
2.9439189236784582e-12,3.4426463904296194e-13,27.542
1.2394745033363196e-12,2.520346062806896e-13,28.84
1.0260210692360937e-12,4.3146768391495374e-13,30.2
1.2125703779688471e-12,4.2360817123042234e-13,31.623
5.261337935685506e-12,6.938788284936532e-13,33.113
2.367234795681795e-12,6.011545603214726e-13,34.674
1.8609561370438054e-12,3.8343157764800064e-13,36.308
4.154395440199107e-12,4.0104237208263403e-13,38.019
9.880283840806376e-13,5.435991554006963e-13,39.811
0.0,6.355349941085904e-13,41.687
8.201722839573057e-13,5.448016206388543e-13,43.652
1.264160324109734e-12,3.553607844954877e-13,45.709
1.3462429382198858e-12,8.166151122335188e-13,47.863
2.1322858837573717e-12,6.266352105465718e-13,50.119
1.6621176862995395e-12,8.857441079230515e-13,52.481
4.790922444843595e-13,1.0047134594534056e-12,54.954
4.351751846137743e-12,9.551155082734162e-13,57.544
1.1059190433793323e-12,6.441136680534445e-13,60.256
4.380006005676883e-12,1.0022306476445085e-12,63.096
5.485647984291898e-12,8.984113626608558e-13,66.069
2.2040030704116494e-12,8.456636522860898e-13,69.183
6.319622024755408e-12,9.438646966171094e-13,72.444
4.720393790876422e-12,6.813907005720038e-13,75.858
0.0,1.2364919908438177e-12,79.433
3.451348179556138e-12,1.0273450269935982e-12,83.176
3.0482021008286377e-12,1.3371860273474847e-12,87.096
4.115617314991439e-12,1.426230348560981e-12,91.201
5.629678159473332e-12,1.1082182339666498e-12,95.499
3.691516446267394e-12,9.444850305157008e-13,100.0
3.699779737213012e-12,1.1560839769778346e-12,104.71
5.551111099109737e-12,1.2674682220935103e-12,109.65
6.240166331876237e-12,1.1531096813168754e-12,114.82
7.264318029119905e-12,1.646283268870447e-12,120.23
8.559620167895962e-12,1.7000623910296894e-12,125.89
1.0056886563378861e-11,1.622691222574385e-12,131.83
7.667048342932629e-12,1.3712468468003295e-12,138.04
9.709860943344878e-12,1.2532557351147304e-12,144.54
1.250683997510321e-11,1.5260010063992737e-12,151.36
9.3541362619966e-12,1.2553912585756374e-12,158.49
9.030318301943121e-12,1.5379092766764086e-12,165.96
3.3890205354496e-12,1.5294306202971493e-12,173.78
7.20062447489154e-12,1.5353322926288496e-12,181.97
8.854059475314642e-12,1.860350802624212e-12,190.55
8.125338628536966e-12,1.9080777625546165e-12,199.53
6.8653535680963555e-12,1.6498561659159663e-12,208.93
5.061382337694698e-12,2.0298800050269307e-12,218.78
1.1511016277798813e-11,2.0706428451726896e-12,229.09
1.0246155711174592e-11,2.3917175893954937e-12,239.88
1.4173645302580743e-11,1.897454862326502e-12,251.19
2.1695839876210107e-11,2.3217616288248356e-12,263.03
1.3837336910580188e-11,2.1549603612005345e-12,275.42
1.0383611021320822e-11,2.2772618433424237e-12,288.4
2.0445540864275458e-11,2.4755693319997556e-12,302.0
1.117414480329529e-11,1.760417974775646e-12,316.23
2.182819422982343e-11,2.127127709964222e-12,331.13
1.8191791277538076e-11,2.10793114107888e-12,346.74
1.7647653141017028e-11,2.6986053882788306e-12,363.08
1.7139767520350876e-11,2.2877185055081224e-12,380.19
1.370385462509611e-11,2.775324113307778e-12,398.11
1.1410579983702978e-11,2.4966777635074577e-12,416.87
9.578982683229553e-12,2.579478957826208e-12,436.52
1.4359381151867169e-11,2.127210664561941e-12,457.09
2.104697520733092e-11,2.6036894089146824e-12,478.63
1.945145061076095e-11,3.1298133183446016e-12,501.19
1.5936455078511813e-11,2.399456839186909e-12,524.81
1.7861478458324405e-11,2.727896399190317e-12,549.54
1.911682580683485e-11,2.653035375598884e-12,575.44
1.5193237422960656e-11,2.7198683990997146e-12,602.56
2.0615291613772685e-11,2.778991372837595e-12,630.96
2.7091473668531744e-11,2.8475713569128636e-12,660.69
1.9037115819881547e-11,2.533321727709331e-12,691.83
2.131390019235295e-11,2.473554575786764e-12,724.44
3.535104904447783e-11,2.6523070236965875e-12,758.58
2.6263978349252758e-11,2.859938684175313e-12,794.33
2.2976401508165153e-11,3.191546329058482e-12,831.76
1.932775347372117e-11,3.189126672857868e-12,870.96
3.694233724341588e-11,3.525861638235996e-12,912.01
1.7264359154541103e-11,3.0214150214190493e-12,954.99
2.3827475499224502e-11,3.0034743084916265e-12,1000.0
1.8062147887991573e-11,3.2185148561494103e-12,1047.1
2.487704076444756e-11,3.130857042410457e-12,1096.5
2.6415540741018182e-11,3.360787560774933e-12,1148.2
3.1653544283077315e-11,2.954482345234382e-12,1202.3
4.606474098179561e-11,3.248999912080982e-12,1258.9
2.6931866017065187e-11,2.847378897753139e-12,1318.3
2.637891830436412e-11,3.113886640180962e-12,1380.4
3.0378150410959265e-11,3.3525120399033492e-12,1445.4
2.7128796707546098e-11,3.106850363017388e-12,1513.6
3.2227774326668154e-11,3.5114461110948816e-12,1584.9
3.208237620781846e-11,3.0712128821627692e-12,1659.6
2.622559436032017e-11,3.303998342491158e-12,1737.8
3.495617255442443e-11,2.831941288338122e-12,1819.7
3.0667294027357866e-11,3.2569129465339204e-12,1905.5
3.173554493750098e-11,3.2878459126444113e-12,1995.3
2.7654565157394675e-11,3.2916736224770203e-12,2089.3
2.7070075739025808e-11,3.352910784016361e-12,2187.8
3.364110526330977e-11,3.0631357274860753e-12,2290.9
2.5156948831999408e-11,3.790765436426297e-12,2398.8
2.8536159585356873e-11,3.3059181716559264e-12,2511.9
2.52314325289394e-11,3.5735246075512374e-12,2630.3
2.3238365817062638e-11,3.3386631172770064e-12,2754.2
1.954179590620415e-11,3.235839971950685e-12,2884.0
1.202944764782714e-11,3.4012587440722606e-12,3020.0
1.41641468989212e-11,3.4432405228566883e-12,3162.3
1.3707850153909065e-11,3.627020433167716e-12,3311.3
1.2111902173432442e-11,3.1737448791423926e-12,3467.4
6.5443729069379176e-12,3.53486526195254e-12,3630.8
8.03401013311125e-12,2.8934964775174173e-12,3801.9
3.1543111433035504e-12,3.233142351193875e-12,3981.1
6.12803692114122e-12,3.409397284656282e-12,4168.7
8.411782730975526e-12,3.0897265030179297e-12,4365.2
5.509908393159932e-12,3.5242781281937582e-12,4570.9
1.2090224658813555e-11,3.786859344752646e-12,4786.3
1.034113162590026e-11,3.7809284820912094e-12,5011.9
1.0585988409669603e-11,3.861179912834423e-12,5248.1
9.515721172823335e-12,3.640109439023273e-12,5495.4
6.207422757984265e-12,3.501008678900136e-12,5754.4
1.123218602736614e-11,3.7658694699295465e-12,6025.6
1.949193785761288e-11,3.223615545945612e-12,6309.6
9.172336030810733e-12,3.0748697955062154e-12,6606.9
2.35613772971845e-11,3.599882995307123e-12,6918.3
1.6796445891197127e-11,3.6849300858943546e-12,7244.4
2.4031239294517574e-11,3.725487096503406e-12,7585.8
3.44429819031868e-11,3.7682606636782185e-12,7943.3
4.714516968717617e-11,3.850856419220756e-12,8317.6
2.0870795721277527e-11,3.90992915606901e-12,8709.6
2.1340763887195085e-11,4.2198306596980095e-12,9120.1
1.7951964742879906e-11,3.688289079757164e-12,9549.9
1.3105262953592437e-11,3.259204774043243e-12,10000.0
1.2567437901239523e-11,3.615313475461224e-12,10471.0
1.2353883801956084e-11,3.2824198054995296e-12,10965.0
7.836052495382539e-12,3.964576292009091e-12,11482.0
1.1152926901259498e-11,3.7987748821410385e-12,12023.0
1.5868954653964336e-11,3.906902133355664e-12,12589.0
2.0028665943576824e-11,4.433437654156276e-12,13183.0
1.5287046695025298e-11,3.679098515910759e-12,13804.0
1.3127567597552714e-11,3.942120284545052e-12,14454.0
2.392368850172824e-11,3.9562222427961264e-12,15136.0
1.0993982894814937e-11,4.1187052695666585e-12,15849.0
2.1747230165149607e-11,4.339013434290257e-12,16596.0
2.687786277076802e-11,3.819009288225518e-12,17378.0
1.497015994182168e-11,3.5880996503885615e-12,18197.0
2.593170199395348e-11,4.59288256512015e-12,19055.0
3.2422105740393485e-11,3.92790094031445e-12,19953.0
3.386829830087282e-11,4.477789968753486e-12,20893.0
1.6738703584383253e-11,4.901183334668087e-12,21878.0
3.595912045179254e-11,4.274907729636719e-12,22909.0
3.235569502522922e-11,3.99300705532356e-12,23988.0
2.6692674845478975e-11,3.673664937129697e-12,25119.0
1.4285000859094443e-11,8.110296573780029e-13,26303.0
2.782527525977509e-11,2.6343694090088506e-12,27542.0
3.948655484747145e-11,3.647659407714335e-12,28840.0
3.9645454876519816e-11,4.039939836561852e-12,30200.0
3.087137937673682e-11,3.3800627102170065e-12,31623.0
4.812717866098065e-11,4.3805193930590625e-12,33113.0
4.187742288736378e-11,3.836307453612308e-12,34674.0
4.031965997694219e-11,4.615091685800731e-12,36308.0
7.090667298198027e-11,5.282748146954406e-12,38019.0
4.215272241889512e-11,4.37651818261915e-12,39811.0
4.876756420376439e-11,3.5349382897553036e-12,41687.0
5.6192989241050636e-11,3.975068599088845e-12,43652.0
4.278304890438508e-11,2.5030666697529872e-12,45709.0
1.3232513522841647e-11,7.876017045801817e-13,47863.0
3.6574549288069285e-11,2.610424947666261e-12,50119.0
3.952869116159901e-11,3.7483144246446415e-12,52481.0
5.3308977990992927e-11,4.183102356788974e-12,54954.0
8.723341000337599e-11,5.159413563107847e-12,57544.0
7.117756212675194e-11,4.948120938317202e-12,60256.0
4.342451089174711e-11,3.968422418699399e-12,63096.0
3.8711289182510735e-11,4.527482897033573e-12,66069.0
4.5553878600735936e-11,3.921789955346189e-12,69183.0
6.096468018722896e-11,5.0600127303591294e-12,72444.0
6.347675417899586e-11,3.953006259791855e-12,75858.0
5.078601755327115e-11,4.059069810309775e-12,79433.0
4.844760927569699e-11,3.3105441052826558e-12,83176.0
2.902789803415197e-11,2.2673924272235244e-12,87096.0
3.616046522856777e-11,1.468380553312201e-12,91201.0
1.8388559687922226e-11,1.0934470295578517e-12,95499.0
3.232831375234667e-11,1.229489401009657e-12,100000.0
2.97532782405319e-11,1.7450019055219298e-12,104710.0
2.928920844118002e-11,2.1465347673130543e-12,109650.0
3.3846120015435404e-11,2.4504661746669964e-12,114820.0
4.487471019309951e-11,2.3160893112353314e-12,120230.0
4.0823523585023823e-11,2.632587827278593e-12,125890.0
4.509019539735915e-11,2.786052312188951e-12,131830.0
5.032983895041894e-11,2.8655083627813895e-12,138040.0
4.733951071339691e-11,3.496862935795992e-12,144540.0
5.587924778338845e-11,2.571828604097236e-12,151360.0
3.769630010819016e-11,2.796554586199737e-12,158490.0
3.764896463177023e-11,2.580722251710231e-12,165960.0
4.3981703613077216e-11,2.7514620052667906e-12,173780.0
2.1900791787682568e-11,2.2329741946786125e-12,181970.0
2.8290309253084872e-11,1.8604149690086983e-12,190550.0
2.499303977163534e-11,1.7475259113066657e-12,199530.0
2.6385054977169922e-11,1.2644007925707256e-12,208930.0
2.5164565219225056e-11,1.3067607824235138e-12,218780.0
2.34902697008092e-11,8.394145033087585e-13,229090.0
1.6422250975604454e-11,1.0742101892574147e-12,239880.0
1.6510290178111246e-11,7.224650738128968e-13,251190.0
1.593231273348024e-11,5.704091253993972e-13,263030.0
1.642802369746444e-11,7.114306595305348e-13,275420.0
2.2571030417154204e-11,7.522796264787909e-13,288400.0
2.1435755652257744e-11,1.0616391353386058e-12,302000.0
2.1357923682060276e-11,1.1337885016709375e-12,316230.0
2.183691606461835e-11,1.1472244835900754e-12,331130.0
2.0509223843011405e-11,9.80218263730556e-13,346740.0
2.1042922120311342e-11,1.1543418055357679e-12,363080.0
2.7937974051295124e-11,1.543218830250551e-12,380190.0
2.601519892720024e-11,1.6394271612556865e-12,398110.0
2.7383366696078177e-11,1.596067732716846e-12,416870.0
2.9382564063286496e-11,1.9527253417158407e-12,436520.0
3.317020662675293e-11,2.0974994830832287e-12,457090.0
3.194882472915504e-11,2.4146876143064267e-12,478630.0
3.637957293654652e-11,2.317819269260591e-12,501190.0
4.606897056278145e-11,2.1008477649009727e-12,524810.0
3.711793206819828e-11,3.007166880732454e-12,549540.0
4.544860579051486e-11,2.286564118607402e-12,575440.0
3.773708003318851e-11,2.5178000758760716e-12,602560.0
4.369830170368015e-11,2.6352663103285776e-12,630960.0
3.398786598093172e-11,3.1445053805026204e-12,660690.0
3.982292591689312e-11,3.6848166370264255e-12,691830.0
4.354221501696272e-11,2.885790218741612e-12,724440.0
3.673403041309008e-11,2.7152566440449967e-12,758580.0
2.6654109055679398e-11,2.7063111289817884e-12,794330.0
2.8040323780367796e-11,2.2618593647954576e-12,831760.0
2.7942553588769382e-11,2.1751948985019983e-12,870960.0
2.59192852406372e-11,1.987977337941291e-12,912010.0
2.191449618623401e-11,2.4005899956255026e-12,954990.0
3.5454212438132664e-11,2.1624275020599494e-12,1000000.0
3.2815259710932326e-11,2.6353508531943346e-12,1047100.0
3.0825181132058036e-11,2.146256589448501e-12,1096500.0
2.3455453910178084e-11,2.405886476025598e-12,1148200.0
2.7000332792196597e-11,2.2063112226406293e-12,1202300.0
2.6026466119889133e-11,1.8554646426846935e-12,1258900.0
3.7525149977253635e-11,1.786471748182525e-12,1318300.0
4.068636001218204e-11,1.881066023288343e-12,1380400.0
2.0196612082138047e-11,2.1457100500275003e-12,1445400.0
2.762435200190719e-11,1.9606787180357057e-12,1513600.0
2.67513814779284e-11,1.5564809475285449e-12,1584900.0
2.656223940457359e-11,1.6348043400893014e-12,1659600.0
3.077103577897176e-11,2.365560240474068e-12,1737800.0
2.286045055685571e-11,2.4265026157809215e-12,1819700.0
1.2445818444535917e-11,1.6916131953774503e-12,1905500.0
1.4765307899542993e-11,1.4755348417414948e-12,1995300.0
2.1487271715105465e-11,1.6971351254267535e-12,2089300.0
2.1696173166062842e-11,1.5513243228947106e-12,2187800.0
8.912008247946074e-12,1.8249551302109106e-12,2290900.0
2.177751032750913e-11,1.2778538770229862e-12,2398800.0
1.518076919237693e-11,1.5610334841253586e-12,2511900.0
1.4239253201956529e-11,1.3168984235121837e-12,2630300.0
1.1733278886122498e-11,1.442881600234447e-12,2754200.0
5.868566691452317e-12,1.263159457645793e-12,2884000.0
2.058437089806157e-11,9.388588295501188e-13,3020000.0
6.233657660142128e-12,1.4849032180305087e-12,3162300.0
1.6625440574814974e-11,1.155557952000783e-12,3311300.0
7.531700331335894e-12,8.804267095109881e-13,3467400.0
1.1124358456247792e-11,1.36909281779871e-12,3630800.0
5.69917865535709e-12,7.731472241040755e-13,3801900.0
1.4423386134136453e-11,7.20715351938246e-13,3981100.0
1.5419003176097676e-11,7.736038536902658e-13,4168700.0
8.769958334508858e-12,1.0955233009639302e-12,4365200.0
1.0003516094173568e-11,1.1636843453565635e-12,4570900.0
1.59549648993065e-11,8.394256152042659e-13,4786300.0
5.729345615859013e-12,1.072348032849755e-12,5011900.0
1.000514021028792e-11,1.1815569014536795e-12,5248100.0
1.4732303964902952e-11,1.2979278105441927e-12,5495400.0
9.118101140399752e-12,1.053987422103107e-12,5754400.0
1.1410654727654311e-11,1.0058672420272248e-12,6025600.0
6.226244727733631e-12,8.184448546595587e-13,6309600.0
1.827493898013157e-11,8.688581752013189e-13,6606900.0
8.892092047716135e-12,1.0814040861817612e-12,6918300.0
5.024340546616463e-12,8.134904563114256e-13,7244400.0
1.3889685869912308e-11,8.971878696592274e-13,7585800.0
7.742411816644491e-12,1.0829329331905857e-12,7943300.0
4.128960343264189e-12,8.716605022063219e-13,8317600.0
1.273760030751925e-11,9.530072294466877e-13,8709600.0
7.610547106772045e-12,8.696585517342824e-13,9120100.0
6.849523985563009e-12,1.2492327965442516e-12,9549900.0
1.1322766529102027e-12,3.4199288437449285e-13,10000000.0
2.1324325673971967e-12,6.408866006213975e-13,10200000.0
2.47463250030384e-12,2.00431338098329e-13,10400000.0
0.0,3.890040451896964e-13,10600000.0
1.9904160697009727e-13,5.733412850165188e-13,10800000.0
1.9215787565050684e-12,2.7660371348539276e-13,11000000.0
3.968817061590031e-13,2.6060544398243784e-13,11200000.0
3.190271325848889e-12,4.856733022932859e-13,11400000.0
3.208275211630269e-12,8.28637834444207e-13,11600000.0
2.0270647223742193e-12,9.452988691500801e-13,11800000.0
1.7993839376622125e-11,6.502287250853965e-13,12000000.0
1.3615852142644056e-11,8.67597848326502e-13,12200000.0
5.161273868129643e-12,1.14780161631566e-12,12400000.0
1.3366200924025043e-11,1.3938113797907628e-12,12600000.0
1.2954390504586321e-11,1.5681152732259111e-12,12800000.0
8.870994186681319e-12,1.2145215050804747e-12,13000000.0
7.552657750369598e-12,1.4968558998159644e-12,13200000.0
1.0621884434256698e-11,1.7501385023152638e-12,13400000.0
8.117509897911142e-12,2.1199022505968362e-12,13600000.0
3.4629931359943604e-11,3.892043191401604e-12,13800000.0
5.679609147626333e-10,1.5685242120258722e-11,14000000.0
0.0,0.0,14200000.0
0.0,0.0,14400000.0
0.0,0.0,14600000.0
0.0,0.0,14800000.0
0.0,0.0,15000000.0
0.0,0.0,15200000.0
0.0,0.0,15400000.0
0.0,0.0,15600000.0
0.0,0.0,15800000.0
0.0,0.0,16000000.0
0.0,0.0,16200000.0
0.0,0.0,16400000.0
0.0,0.0,16600000.0
0.0,0.0,16800000.0
0.0,0.0,17000000.0
0.0,0.0,17200000.0
0.0,0.0,17400000.0
0.0,0.0,17600000.0
0.0,0.0,17800000.0
0.0,0.0,18000000.0
0.0,0.0,18200000.0
0.0,0.0,18400000.0
0.0,0.0,18600000.0
0.0,0.0,18800000.0
0.0,0.0,19000000.0
0.0,0.0,19200000.0
0.0,0.0,19400000.0
0.0,0.0,19600000.0
0.0,0.0,19800000.0
0.0,0.0,20000000.0
0.0,0.0,21000000.0
0.0,0.0,22000000.0
0.0,0.0,23000000.0
0.0,0.0,24000000.0
0.0,0.0,25000000.0
0.0,0.0,26000000.0
0.0,0.0,27000000.0
0.0,0.0,28000000.0
0.0,0.0,29000000.0
0.0,0.0,30000000.0
0.0,0.0,32000000.0
0.0,0.0,34000000.0
0.0,0.0,36000000.0
0.0,0.0,38000000.0
0.0,0.0,40000000.0
0.0,0.0,42000000.0
0.0,0.0,44000000.0
0.0,0.0,46000000.0
0.0,0.0,48000000.0
0.0,0.0,50000000.0
0.0,0.0,52000000.0
0.0,0.0,54000000.0
0.0,0.0,56000000.0
0.0,0.0,58000000.0
0.0,0.0,60000000.0
0.0,0.0,65000000.0
0.0,0.0,70000000.0
0.0,0.0,75000000.0
0.0,0.0,80000000.0
0.0,0.0,90000000.0
0.0,0.0,100000000.0
0.0,0.0,110000000.0
0.0,0.0,120000000.0
0.0,0.0,130000000.0
0.0,0.0,140000000.0
0.0,0.0,150000000.0
0.0,0.0,160000000.0
0.0,0.0,180000000.0
0.0,0.0,200000000.0
0.0,0.0,240000000.0
0.0,0.0,280000000.0
0.0,0.0,320000000.0
0.0,0.0,360000000.0
0.0,0.0,400000000.0
0.0,0.0,440000000.0
0.0,0.0,480000000.0
0.0,0.0,520000000.0
0.0,0.0,560000000.0
0.0,0.0,600000000.0
0.0,0.0,640000000.0
0.0,0.0,680000000.0
0.0,0.0,720000000.0
0.0,0.0,760000000.0
0.0,0.0,800000000.0
0.0,0.0,840000000.0
0.0,0.0,880000000.0
0.0,0.0,920000000.0
0.0,0.0,960000000.0
